Dave;B@B;Blue_Team;
Gilbert;A@A;Spy_Team;
Dave;J@J;Atom_Team;
Dan;C@C;MeAndTheBoys_Team;
Ivan;J@J;Spy_Team;
Brian;J@J;Snoweee_Team;
Dan;B@B;MeAndTheBoys_Team;
Robert;I@I;Spy_Team;
Kate;J@J;Memories_Team;
Robert;C@C;Blue_Team;
Liam;F@F;Spy_Team;
Riley;A@A;Red_Team;
Dave;C@C;Spy_Team;
Riley;A@A;FeelsGood_Team;
Kate;B@B;Red_Team;
Brian;I@I;Atom_Team;
Brian;D@D;Memories_Team;
Dan;B@B;SIBGUCHI_Team;
Brian;I@I;SKSH_Team;
Dan;D@D;Red_Team;
Ivan;A@A;Atom_Team;
Liam;A@A;SKSH_Team;
Dan;C@C;Red_Team;
Kate;H@H;Snoweee_Team;
Wade;E@E;Snoweee_Team;
Dan;J@J;Atom_Team;
Wade;H@H;Snoweee_Team;
Robert;J@J;Atom_Team;
Wade;E@E;Red_Team;
Ivan;G@G;Atom_Team;
Dave;J@J;FeelsGood_Team;
Liam;G@G;Memories_Team;
Wade;J@J;SIBGUCHI_Team;
Ivan;E@E;FeelsGood_Team;
Riley;A@A;Atom_Team;
Kate;I@I;FeelsGood_Team;
Kate;G@G;Memories_Team;
Brian;C@C;Spy_Team;
Ivan;B@B;Snoweee_Team;
Dan;H@H;Blue_Team;
Dave;E@E;SKSH_Team;
Kate;I@I;MeAndTheBoys_Team;
Dan;E@E;Red_Team;
Brian;F@F;FeelsGood_Team;
Brian;C@C;Red_Team;
Riley;C@C;Spy_Team;
Riley;J@J;MeAndTheBoys_Team;
Gilbert;I@I;FeelsGood_Team;
Liam;C@C;Blue_Team;
Dave;E@E;Snoweee_Team;
Liam;F@F;Atom_Team;
Gilbert;H@H;Memories_Team;
Dave;G@G;Snoweee_Team;
Dave;C@C;Red_Team;
Riley;B@B;Blue_Team;
Gilbert;A@A;FeelsGood_Team;
Ivan;D@D;SKSH_Team;
Brian;H@H;SIBGUCHI_Team;
Wade;H@H;SIBGUCHI_Team;
Riley;B@B;FeelsGood_Team;
Dave;H@H;FeelsGood_Team;
Gilbert;A@A;SIBGUCHI_Team;
Wade;F@F;FeelsGood_Team;
Dave;E@E;SKSH_Team;
Kate;H@H;Blue_Team;
Gilbert;C@C;SIBGUCHI_Team;
Dave;G@G;MeAndTheBoys_Team;
Dave;C@C;Red_Team;
Riley;E@E;Spy_Team;
Ivan;C@C;Snoweee_Team;
Gilbert;E@E;SKSH_Team;
Liam;F@F;Snoweee_Team;
Kate;A@A;SKSH_Team;
Wade;A@A;SIBGUCHI_Team;
Ivan;G@G;Atom_Team;
Dave;D@D;Atom_Team;
Dan;C@C;Memories_Team;
Robert;E@E;SIBGUCHI_Team;
Liam;I@I;SKSH_Team;
Kate;C@C;MeAndTheBoys_Team;
Robert;H@H;Blue_Team;
Liam;C@C;MeAndTheBoys_Team;
Brian;F@F;FeelsGood_Team;
Ivan;I@I;MeAndTheBoys_Team;
Dan;F@F;Blue_Team;
Wade;A@A;Spy_Team;
Dan;H@H;Red_Team;
Riley;J@J;SKSH_Team;
Ivan;G@G;Blue_Team;
Robert;C@C;SKSH_Team;
Wade;F@F;SKSH_Team;
Dave;H@H;Memories_Team;
Dave;J@J;SIBGUCHI_Team;
Kate;B@B;SIBGUCHI_Team;
Kate;C@C;Atom_Team;
Riley;B@B;Spy_Team;
Wade;D@D;Atom_Team;
Kate;C@C;MeAndTheBoys_Team;
Riley;I@I;Red_Team;
Dan;H@H;Snoweee_Team;
Robert;E@E;Spy_Team;
Robert;J@J;SIBGUCHI_Team;
Riley;C@C;FeelsGood_Team;
Brian;E@E;Blue_Team;
Dave;C@C;Snoweee_Team;
Brian;B@B;Snoweee_Team;
Riley;G@G;Atom_Team;
Brian;G@G;MeAndTheBoys_Team;
Dan;J@J;Atom_Team;
Wade;B@B;FeelsGood_Team;
Wade;J@J;Snoweee_Team;
Riley;G@G;MeAndTheBoys_Team;
Brian;J@J;MeAndTheBoys_Team;
Dave;C@C;SIBGUCHI_Team;
Gilbert;A@A;Blue_Team;
Riley;H@H;SIBGUCHI_Team;
Robert;C@C;Atom_Team;
Gilbert;B@B;FeelsGood_Team;
Robert;D@D;Snoweee_Team;
Wade;J@J;SIBGUCHI_Team;
Robert;B@B;MeAndTheBoys_Team;
Kate;D@D;Memories_Team;
Wade;J@J;Red_Team;
Riley;E@E;Memories_Team;
Dave;E@E;SKSH_Team;
Kate;E@E;Blue_Team;
Kate;H@H;Spy_Team;
Brian;G@G;Snoweee_Team;
Dan;A@A;Blue_Team;
Dave;E@E;Atom_Team;
Brian;G@G;Spy_Team;
Kate;G@G;SIBGUCHI_Team;
Dave;G@G;SIBGUCHI_Team;
Brian;B@B;MeAndTheBoys_Team;
Wade;G@G;MeAndTheBoys_Team;
Brian;H@H;FeelsGood_Team;
Ivan;A@A;Atom_Team;
Riley;D@D;Blue_Team;
Brian;H@H;SIBGUCHI_Team;
Brian;H@H;SIBGUCHI_Team;
Liam;C@C;Snoweee_Team;
Ivan;A@A;MeAndTheBoys_Team;
Wade;E@E;Atom_Team;
Dan;H@H;Spy_Team;
Kate;B@B;MeAndTheBoys_Team;
Dave;D@D;Red_Team;
Dave;E@E;SKSH_Team;
Robert;H@H;MeAndTheBoys_Team;
Riley;I@I;Blue_Team;
Dan;H@H;Snoweee_Team;
Dan;E@E;Red_Team;
Kate;F@F;Spy_Team;
Dan;E@E;MeAndTheBoys_Team;
Gilbert;D@D;FeelsGood_Team;
Robert;I@I;Memories_Team;
Kate;B@B;Red_Team;
Ivan;G@G;FeelsGood_Team;
Ivan;I@I;SIBGUCHI_Team;
Robert;D@D;Atom_Team;
Gilbert;I@I;Red_Team;
Dan;B@B;Red_Team;
Ivan;J@J;Blue_Team;
Gilbert;D@D;FeelsGood_Team;
Ivan;D@D;Atom_Team;
Liam;F@F;SKSH_Team;
Riley;A@A;Memories_Team;
Liam;D@D;SKSH_Team;
Liam;G@G;Red_Team;
Wade;D@D;Red_Team;
Liam;D@D;Spy_Team;
Dan;A@A;SKSH_Team;
Liam;F@F;Blue_Team;
Gilbert;H@H;Memories_Team;
Robert;C@C;Spy_Team;
Liam;E@E;Red_Team;
Dave;E@E;SKSH_Team;
Robert;B@B;FeelsGood_Team;
Wade;I@I;SIBGUCHI_Team;
Liam;F@F;Spy_Team;
Kate;F@F;Spy_Team;
Kate;I@I;MeAndTheBoys_Team;
Ivan;H@H;SKSH_Team;
Liam;C@C;Memories_Team;
Dan;C@C;MeAndTheBoys_Team;
Liam;E@E;MeAndTheBoys_Team;
Dave;H@H;Snoweee_Team;
Ivan;D@D;Red_Team;
Dan;A@A;Snoweee_Team;
Liam;D@D;Blue_Team;
Wade;A@A;Memories_Team;
Robert;J@J;MeAndTheBoys_Team;
Dan;F@F;MeAndTheBoys_Team;
Wade;I@I;SIBGUCHI_Team;
Riley;J@J;Blue_Team;
Kate;J@J;SIBGUCHI_Team;
Wade;H@H;Atom_Team;
Brian;G@G;Spy_Team;
Dave;D@D;Blue_Team;
Kate;G@G;SKSH_Team;
Riley;B@B;SIBGUCHI_Team;
Dave;I@I;Red_Team;
Wade;C@C;Snoweee_Team;
Robert;D@D;Blue_Team;
Robert;B@B;Red_Team;
Riley;B@B;FeelsGood_Team;
Brian;D@D;SIBGUCHI_Team;
Ivan;A@A;Snoweee_Team;
Kate;I@I;Blue_Team;
Gilbert;G@G;SIBGUCHI_Team;
Wade;C@C;SIBGUCHI_Team;
Dave;J@J;SKSH_Team;
Robert;A@A;Atom_Team;
Wade;I@I;FeelsGood_Team;
Riley;I@I;SKSH_Team;
Dan;I@I;Spy_Team;
Ivan;C@C;Memories_Team;
Brian;F@F;Atom_Team;
Gilbert;B@B;Atom_Team;
Gilbert;A@A;Atom_Team;
Brian;A@A;Snoweee_Team;
Gilbert;E@E;SKSH_Team;
Dave;D@D;Spy_Team;
Robert;B@B;Blue_Team;
Kate;E@E;SKSH_Team;
Brian;C@C;FeelsGood_Team;
Brian;H@H;Spy_Team;
Wade;C@C;Atom_Team;
Dan;D@D;Red_Team;
Liam;H@H;Memories_Team;
Wade;G@G;FeelsGood_Team;
Brian;H@H;SKSH_Team;
Liam;I@I;Spy_Team;
Dave;I@I;Spy_Team;
Brian;E@E;Snoweee_Team;
Wade;H@H;Atom_Team;
Liam;E@E;Blue_Team;
Dan;D@D;Spy_Team;
Riley;H@H;Memories_Team;
Liam;B@B;Memories_Team;
Gilbert;D@D;Red_Team;
Ivan;D@D;Atom_Team;
Kate;D@D;MeAndTheBoys_Team;
Kate;H@H;SIBGUCHI_Team;
Liam;A@A;SKSH_Team;
Ivan;G@G;SKSH_Team;
Brian;C@C;Memories_Team;
Dan;J@J;Snoweee_Team;
Ivan;C@C;FeelsGood_Team;
Riley;D@D;Blue_Team;
Brian;D@D;Memories_Team;
Dan;C@C;SKSH_Team;
Brian;I@I;FeelsGood_Team;
Ivan;F@F;SIBGUCHI_Team;
Robert;J@J;Red_Team;
Brian;G@G;SKSH_Team;
Dave;I@I;SIBGUCHI_Team;
Robert;H@H;Blue_Team;
Riley;C@C;Blue_Team;
Kate;C@C;FeelsGood_Team;
Dave;A@A;MeAndTheBoys_Team;
Liam;B@B;Atom_Team;
Gilbert;G@G;FeelsGood_Team;
Dan;B@B;Memories_Team;
Kate;H@H;Blue_Team;
Wade;C@C;Spy_Team;
Dave;C@C;FeelsGood_Team;
Riley;D@D;Memories_Team;
Kate;I@I;SIBGUCHI_Team;
Wade;D@D;Blue_Team;
Dave;J@J;FeelsGood_Team;
Robert;H@H;Blue_Team;
Gilbert;E@E;Blue_Team;
Ivan;H@H;SIBGUCHI_Team;
Riley;G@G;SIBGUCHI_Team;
Liam;B@B;Memories_Team;
Brian;G@G;Memories_Team;
Kate;H@H;MeAndTheBoys_Team;
Gilbert;A@A;Snoweee_Team;
Robert;J@J;Atom_Team;
Dan;B@B;FeelsGood_Team;
Brian;E@E;Atom_Team;
Kate;J@J;SKSH_Team;
Dave;F@F;Snoweee_Team;
Dave;H@H;Red_Team;
Dan;D@D;Blue_Team;
Kate;F@F;SIBGUCHI_Team;
Gilbert;D@D;Memories_Team;
Dan;A@A;Spy_Team;
Robert;H@H;SKSH_Team;
Ivan;C@C;Memories_Team;
Ivan;B@B;Atom_Team;
Robert;G@G;Red_Team;
Robert;J@J;Memories_Team;
Brian;D@D;SKSH_Team;
Riley;H@H;Blue_Team;
Riley;D@D;SIBGUCHI_Team;
Liam;G@G;Snoweee_Team;
Robert;C@C;FeelsGood_Team;
Dan;J@J;Atom_Team;
Dan;E@E;Memories_Team;
Brian;I@I;Snoweee_Team;
Gilbert;F@F;Spy_Team;
Dave;D@D;SIBGUCHI_Team;
Dan;G@G;SIBGUCHI_Team;
Robert;F@F;SKSH_Team;
Gilbert;C@C;Red_Team;
Dan;F@F;SKSH_Team;
Robert;F@F;Snoweee_Team;
Dan;J@J;SIBGUCHI_Team;
Brian;I@I;Snoweee_Team;
Riley;C@C;Atom_Team;
Riley;C@C;FeelsGood_Team;
Dave;C@C;Red_Team;
Riley;E@E;Memories_Team;
Wade;J@J;Snoweee_Team;
Dave;A@A;MeAndTheBoys_Team;
Riley;J@J;MeAndTheBoys_Team;
Robert;A@A;MeAndTheBoys_Team;
Gilbert;A@A;Memories_Team;
Liam;D@D;FeelsGood_Team;
Brian;G@G;SIBGUCHI_Team;
Kate;C@C;SIBGUCHI_Team;
Liam;J@J;FeelsGood_Team;
Liam;A@A;Memories_Team;
Wade;C@C;SIBGUCHI_Team;
Wade;A@A;Spy_Team;
Dave;G@G;Blue_Team;
Gilbert;A@A;Blue_Team;
Gilbert;G@G;SKSH_Team;
Kate;G@G;SIBGUCHI_Team;
Gilbert;G@G;Spy_Team;
Ivan;D@D;Atom_Team;
Brian;H@H;MeAndTheBoys_Team;
Wade;I@I;SIBGUCHI_Team;
Brian;I@I;Spy_Team;
Liam;A@A;SKSH_Team;
Wade;H@H;MeAndTheBoys_Team;
Ivan;F@F;Blue_Team;
Kate;G@G;Blue_Team;
Kate;I@I;Red_Team;
Liam;H@H;Memories_Team;
Robert;I@I;SIBGUCHI_Team;
Dan;C@C;Blue_Team;
Kate;F@F;FeelsGood_Team;
Wade;G@G;Snoweee_Team;
Ivan;G@G;Snoweee_Team;
Dan;I@I;Snoweee_Team;
Wade;B@B;Atom_Team;
Liam;D@D;Blue_Team;
Robert;E@E;FeelsGood_Team;
Ivan;I@I;Memories_Team;
Riley;B@B;MeAndTheBoys_Team;
Gilbert;C@C;SKSH_Team;
Dan;H@H;Blue_Team;
Kate;G@G;MeAndTheBoys_Team;
Ivan;J@J;SKSH_Team;
Ivan;D@D;SKSH_Team;
Wade;F@F;SIBGUCHI_Team;
Dan;F@F;Red_Team;
Robert;C@C;SKSH_Team;
Riley;F@F;Blue_Team;
Wade;I@I;Spy_Team;
Wade;H@H;Atom_Team;
Gilbert;A@A;FeelsGood_Team;
Wade;H@H;Blue_Team;
Brian;I@I;Memories_Team;
Liam;A@A;Spy_Team;
Gilbert;B@B;FeelsGood_Team;
Ivan;J@J;Blue_Team;
Robert;E@E;SKSH_Team;
Gilbert;I@I;Memories_Team;
Dave;B@B;Spy_Team;
Liam;J@J;Blue_Team;
Robert;I@I;Blue_Team;
Brian;F@F;FeelsGood_Team;
Kate;J@J;Snoweee_Team;
Dave;I@I;Spy_Team;
Wade;I@I;Atom_Team;
Gilbert;G@G;Atom_Team;
Wade;H@H;Atom_Team;
Kate;G@G;MeAndTheBoys_Team;
Riley;A@A;Atom_Team;
Dan;F@F;SKSH_Team;
Dan;C@C;Memories_Team;
Ivan;G@G;SKSH_Team;
Brian;D@D;Snoweee_Team;
Wade;A@A;Memories_Team;
Riley;I@I;SKSH_Team;
Brian;I@I;Memories_Team;
Brian;A@A;Snoweee_Team;
Dan;E@E;Blue_Team;
Liam;E@E;Snoweee_Team;
Kate;J@J;Red_Team;
Gilbert;H@H;Spy_Team;
Gilbert;D@D;Snoweee_Team;
Kate;G@G;SKSH_Team;
Wade;D@D;SIBGUCHI_Team;
Ivan;J@J;Memories_Team;
Dan;D@D;Memories_Team;
Brian;B@B;FeelsGood_Team;
Ivan;A@A;Red_Team;
Kate;G@G;SIBGUCHI_Team;
Ivan;B@B;MeAndTheBoys_Team;
Gilbert;D@D;FeelsGood_Team;
Dave;B@B;Red_Team;
Wade;H@H;SKSH_Team;
Dan;B@B;FeelsGood_Team;
Kate;B@B;Blue_Team;
Gilbert;A@A;Atom_Team;
Gilbert;F@F;SKSH_Team;
Kate;D@D;Memories_Team;
Robert;F@F;Memories_Team;
Kate;B@B;SKSH_Team;
Liam;H@H;FeelsGood_Team;
Gilbert;D@D;Red_Team;
Wade;J@J;Blue_Team;
Gilbert;I@I;Memories_Team;
Brian;D@D;SKSH_Team;
Gilbert;C@C;MeAndTheBoys_Team;
Dan;A@A;SIBGUCHI_Team;
Brian;G@G;MeAndTheBoys_Team;
Ivan;J@J;Memories_Team;
Riley;G@G;SIBGUCHI_Team;
Liam;E@E;MeAndTheBoys_Team;
Wade;H@H;Red_Team;
Dave;I@I;SIBGUCHI_Team;
Liam;F@F;SIBGUCHI_Team;
Riley;J@J;Memories_Team;
Wade;H@H;SIBGUCHI_Team;
Ivan;E@E;Memories_Team;
Dan;I@I;MeAndTheBoys_Team;
Gilbert;B@B;Spy_Team;
Liam;C@C;SIBGUCHI_Team;
Gilbert;I@I;Snoweee_Team;
Liam;J@J;Memories_Team;
Dan;F@F;MeAndTheBoys_Team;
Dave;C@C;MeAndTheBoys_Team;
Kate;G@G;Snoweee_Team;
Dan;F@F;MeAndTheBoys_Team;
Gilbert;J@J;FeelsGood_Team;
Ivan;F@F;Blue_Team;
Gilbert;B@B;Spy_Team;
Ivan;A@A;Atom_Team;
Riley;J@J;Spy_Team;
Dave;A@A;FeelsGood_Team;
Ivan;E@E;SIBGUCHI_Team;
Robert;I@I;Memories_Team;
Robert;A@A;Red_Team;
Liam;C@C;Spy_Team;
Ivan;H@H;Atom_Team;
Dave;A@A;Memories_Team;
Gilbert;B@B;SKSH_Team;
Dave;C@C;MeAndTheBoys_Team;
Riley;I@I;Blue_Team;
Dave;G@G;Red_Team;
Ivan;G@G;MeAndTheBoys_Team;
Gilbert;J@J;Snoweee_Team;
Dan;I@I;Spy_Team;
Dave;F@F;Spy_Team;
Robert;G@G;MeAndTheBoys_Team;
Wade;G@G;Memories_Team;
Kate;E@E;Atom_Team;
Robert;H@H;Blue_Team;
Riley;G@G;Blue_Team;
Liam;F@F;FeelsGood_Team;
Kate;J@J;Red_Team;
Ivan;I@I;SIBGUCHI_Team;
Ivan;B@B;Atom_Team;
Riley;J@J;SKSH_Team;
Robert;I@I;Atom_Team;
Brian;D@D;MeAndTheBoys_Team;
Robert;H@H;SIBGUCHI_Team;
Riley;B@B;Atom_Team;
Brian;D@D;MeAndTheBoys_Team;
Kate;C@C;Snoweee_Team;
Brian;C@C;Memories_Team;
Ivan;G@G;Spy_Team;
Wade;I@I;Memories_Team;
Dave;D@D;Snoweee_Team;
Riley;H@H;Atom_Team;
Gilbert;B@B;Spy_Team;
Ivan;H@H;MeAndTheBoys_Team;
Kate;D@D;Blue_Team;
Wade;A@A;Blue_Team;
Dave;I@I;Blue_Team;
Kate;C@C;SKSH_Team;
Kate;A@A;MeAndTheBoys_Team;
Dave;I@I;Blue_Team;
Riley;H@H;SKSH_Team;
Brian;I@I;SKSH_Team;
Dan;I@I;Memories_Team;
Wade;B@B;MeAndTheBoys_Team;
Liam;D@D;MeAndTheBoys_Team;
Ivan;I@I;Snoweee_Team;
Wade;E@E;MeAndTheBoys_Team;
Ivan;I@I;FeelsGood_Team;
Gilbert;B@B;Memories_Team;
Kate;J@J;Snoweee_Team;
Gilbert;J@J;Atom_Team;
Liam;E@E;Snoweee_Team;
Brian;B@B;Red_Team;
Dave;C@C;Red_Team;
Kate;A@A;SIBGUCHI_Team;
Riley;E@E;Red_Team;
Dave;A@A;Memories_Team;
Kate;I@I;Spy_Team;
Liam;B@B;Memories_Team;
Riley;J@J;Spy_Team;
Brian;A@A;SIBGUCHI_Team;
Ivan;F@F;SKSH_Team;
Ivan;F@F;Atom_Team;
Brian;B@B;Memories_Team;
Robert;G@G;SIBGUCHI_Team;
Gilbert;H@H;SIBGUCHI_Team;
Kate;C@C;SKSH_Team;
Kate;I@I;Snoweee_Team;
Wade;B@B;Red_Team;
Wade;H@H;SIBGUCHI_Team;
Wade;B@B;Snoweee_Team;
Kate;A@A;Atom_Team;
Dan;I@I;FeelsGood_Team;
Dave;B@B;Spy_Team;
Robert;J@J;SKSH_Team;
Gilbert;H@H;SIBGUCHI_Team;
Liam;C@C;MeAndTheBoys_Team;
Riley;B@B;SKSH_Team;
Gilbert;I@I;Blue_Team;
Dan;G@G;Blue_Team;
Riley;G@G;SKSH_Team;
Brian;J@J;Atom_Team;
Dave;I@I;MeAndTheBoys_Team;
Kate;D@D;Blue_Team;
Wade;F@F;Atom_Team;
Ivan;H@H;Atom_Team;
Kate;D@D;Red_Team;
Dan;A@A;Atom_Team;
Dave;E@E;Memories_Team;
Gilbert;H@H;Snoweee_Team;
Gilbert;C@C;SIBGUCHI_Team;
Dave;J@J;SKSH_Team;
Kate;D@D;Atom_Team;
Gilbert;G@G;Atom_Team;
Dan;H@H;MeAndTheBoys_Team;
Riley;D@D;Blue_Team;
Riley;G@G;Red_Team;
Kate;B@B;FeelsGood_Team;
Dan;F@F;SIBGUCHI_Team;
Brian;B@B;MeAndTheBoys_Team;
Robert;J@J;Blue_Team;
Liam;D@D;Spy_Team;
Brian;E@E;Atom_Team;
Kate;B@B;Blue_Team;
Liam;B@B;MeAndTheBoys_Team;
Gilbert;J@J;Atom_Team;
Ivan;H@H;SKSH_Team;
Wade;I@I;Blue_Team;
Gilbert;A@A;Spy_Team;
Gilbert;E@E;SKSH_Team;
Wade;I@I;MeAndTheBoys_Team;
Kate;F@F;Blue_Team;
Wade;H@H;MeAndTheBoys_Team;
Dan;G@G;Memories_Team;
Kate;B@B;Atom_Team;
Brian;J@J;SIBGUCHI_Team;
Dan;H@H;SIBGUCHI_Team;
Robert;B@B;Blue_Team;
Kate;A@A;Spy_Team;
Brian;B@B;Memories_Team;
Dave;B@B;FeelsGood_Team;
Brian;F@F;SIBGUCHI_Team;
Wade;C@C;FeelsGood_Team;
Kate;I@I;Blue_Team;
Brian;I@I;SIBGUCHI_Team;
Robert;I@I;SIBGUCHI_Team;
Ivan;E@E;MeAndTheBoys_Team;
Brian;H@H;FeelsGood_Team;
Gilbert;E@E;Red_Team;
Ivan;H@H;Red_Team;
Dan;F@F;Blue_Team;
Riley;A@A;FeelsGood_Team;
Dan;C@C;Red_Team;
Robert;F@F;Snoweee_Team;
Riley;E@E;SKSH_Team;
Kate;D@D;Blue_Team;
Liam;D@D;Atom_Team;
Dan;C@C;MeAndTheBoys_Team;
Liam;I@I;SKSH_Team;
Wade;E@E;FeelsGood_Team;
Liam;C@C;FeelsGood_Team;
Dan;D@D;FeelsGood_Team;
Liam;D@D;Memories_Team;
Wade;G@G;Memories_Team;
Kate;G@G;SKSH_Team;
Robert;G@G;SIBGUCHI_Team;
Wade;D@D;Blue_Team;
Wade;J@J;MeAndTheBoys_Team;
Gilbert;A@A;Spy_Team;
Kate;C@C;Atom_Team;
Ivan;I@I;SKSH_Team;
Wade;C@C;Spy_Team;
Kate;A@A;Snoweee_Team;
Wade;I@I;Red_Team;
Gilbert;E@E;Spy_Team;
Kate;H@H;FeelsGood_Team;
Kate;D@D;Spy_Team;
Dan;F@F;MeAndTheBoys_Team;
Gilbert;A@A;Spy_Team;
Dan;E@E;Red_Team;
Riley;J@J;MeAndTheBoys_Team;
Riley;H@H;Memories_Team;
Brian;B@B;Blue_Team;
Wade;G@G;Memories_Team;
Wade;G@G;MeAndTheBoys_Team;
Riley;J@J;FeelsGood_Team;
Ivan;A@A;MeAndTheBoys_Team;
Ivan;I@I;Blue_Team;
Dan;H@H;SKSH_Team;
Gilbert;B@B;SKSH_Team;
Ivan;F@F;MeAndTheBoys_Team;
Riley;D@D;Spy_Team;
Ivan;B@B;MeAndTheBoys_Team;
Dan;G@G;Memories_Team;
Kate;A@A;Spy_Team;
Riley;I@I;SKSH_Team;
Wade;I@I;Atom_Team;
Ivan;E@E;Spy_Team;
Riley;C@C;FeelsGood_Team;
Riley;G@G;SKSH_Team;
Riley;H@H;Snoweee_Team;
Kate;B@B;Snoweee_Team;
Wade;G@G;SIBGUCHI_Team;
Wade;C@C;Red_Team;
Riley;B@B;Memories_Team;
Kate;F@F;Blue_Team;
Gilbert;A@A;SIBGUCHI_Team;
Gilbert;H@H;FeelsGood_Team;
Robert;H@H;Memories_Team;
Riley;A@A;Spy_Team;
Dave;E@E;MeAndTheBoys_Team;
Robert;F@F;MeAndTheBoys_Team;
Liam;H@H;Memories_Team;
Riley;D@D;SIBGUCHI_Team;
Robert;D@D;MeAndTheBoys_Team;
Dave;H@H;Snoweee_Team;
Liam;C@C;FeelsGood_Team;
Riley;F@F;FeelsGood_Team;
Dave;I@I;Atom_Team;
Brian;H@H;Atom_Team;
Gilbert;F@F;Red_Team;
Dave;G@G;SKSH_Team;
Liam;D@D;Spy_Team;
Riley;I@I;MeAndTheBoys_Team;
Dave;J@J;Atom_Team;
Kate;F@F;Snoweee_Team;
Ivan;F@F;Spy_Team;
Ivan;B@B;Atom_Team;
Dave;A@A;Memories_Team;
Ivan;H@H;FeelsGood_Team;
Dave;A@A;Memories_Team;
Kate;E@E;Blue_Team;
Ivan;F@F;Spy_Team;
Dave;I@I;Spy_Team;
Ivan;I@I;Red_Team;
Dan;E@E;Snoweee_Team;
Gilbert;G@G;Spy_Team;
Kate;J@J;Blue_Team;
Robert;J@J;Blue_Team;
Dave;H@H;MeAndTheBoys_Team;
Riley;H@H;Spy_Team;
Gilbert;C@C;Red_Team;
Riley;F@F;Snoweee_Team;
Gilbert;B@B;Memories_Team;
Brian;A@A;Snoweee_Team;
Dan;C@C;Snoweee_Team;
Kate;G@G;SIBGUCHI_Team;
Robert;I@I;Snoweee_Team;
Gilbert;H@H;Blue_Team;
Dan;J@J;FeelsGood_Team;
Robert;F@F;Atom_Team;
Riley;I@I;Spy_Team;
Brian;A@A;FeelsGood_Team;
Riley;J@J;Snoweee_Team;
Wade;C@C;Atom_Team;
Robert;C@C;Atom_Team;
Brian;B@B;Red_Team;
Riley;B@B;SIBGUCHI_Team;
Gilbert;F@F;SKSH_Team;
Wade;A@A;SIBGUCHI_Team;
Dave;C@C;Snoweee_Team;
Liam;I@I;Atom_Team;
Dave;B@B;Spy_Team;
Gilbert;J@J;Snoweee_Team;
Riley;B@B;Red_Team;
Kate;I@I;Atom_Team;
Brian;B@B;Memories_Team;
Robert;D@D;FeelsGood_Team;
Wade;G@G;SKSH_Team;
Kate;I@I;Blue_Team;
Wade;I@I;Red_Team;
Riley;I@I;SKSH_Team;
Robert;C@C;Snoweee_Team;
Ivan;A@A;Memories_Team;
Gilbert;J@J;SKSH_Team;
Dan;I@I;Spy_Team;
Wade;E@E;Memories_Team;
Kate;A@A;Snoweee_Team;
Wade;E@E;FeelsGood_Team;
Ivan;J@J;SIBGUCHI_Team;
Ivan;G@G;SIBGUCHI_Team;
Dave;F@F;Blue_Team;
Dave;C@C;Atom_Team;
Wade;H@H;Red_Team;
Ivan;H@H;Snoweee_Team;
Robert;H@H;Spy_Team;
Dave;I@I;SKSH_Team;
Robert;G@G;Memories_Team;
Liam;E@E;Snoweee_Team;
Liam;E@E;FeelsGood_Team;
Dan;F@F;Red_Team;
Ivan;I@I;FeelsGood_Team;
Gilbert;F@F;Spy_Team;
Riley;C@C;Spy_Team;
Robert;B@B;SIBGUCHI_Team;
Dave;I@I;FeelsGood_Team;
Liam;J@J;Atom_Team;
Liam;J@J;Snoweee_Team;
Dave;E@E;Atom_Team;
Liam;J@J;SKSH_Team;
Dave;B@B;Spy_Team;
Brian;D@D;Atom_Team;
Ivan;E@E;FeelsGood_Team;
Kate;E@E;Red_Team;
Dan;H@H;SKSH_Team;
Liam;D@D;Blue_Team;
Brian;D@D;MeAndTheBoys_Team;
Liam;B@B;Atom_Team;
Dave;I@I;Snoweee_Team;
Brian;E@E;FeelsGood_Team;
Wade;F@F;SIBGUCHI_Team;
Riley;G@G;Spy_Team;
Dan;C@C;Spy_Team;
Ivan;C@C;Snoweee_Team;
Dan;D@D;MeAndTheBoys_Team;
Kate;H@H;MeAndTheBoys_Team;
Kate;J@J;MeAndTheBoys_Team;
Dave;H@H;Red_Team;
Riley;H@H;Snoweee_Team;
Ivan;D@D;Atom_Team;
Dave;E@E;SIBGUCHI_Team;
Gilbert;B@B;Atom_Team;
Gilbert;E@E;Red_Team;
Dave;H@H;Red_Team;
Ivan;G@G;Blue_Team;
Ivan;F@F;FeelsGood_Team;
Brian;J@J;MeAndTheBoys_Team;
Dan;D@D;MeAndTheBoys_Team;
Gilbert;E@E;Red_Team;
Dave;F@F;SKSH_Team;
Riley;G@G;Red_Team;
Kate;B@B;Memories_Team;
Gilbert;D@D;FeelsGood_Team;
Dan;B@B;Atom_Team;
Liam;G@G;Atom_Team;
Dave;A@A;SKSH_Team;
Dave;E@E;FeelsGood_Team;
Wade;J@J;Memories_Team;
Wade;I@I;Snoweee_Team;
Dan;F@F;Memories_Team;
Dan;G@G;SKSH_Team;
Dan;H@H;SKSH_Team;
Dan;F@F;MeAndTheBoys_Team;
Kate;H@H;Spy_Team;
Ivan;B@B;SKSH_Team;
Kate;G@G;Memories_Team;
Wade;F@F;Snoweee_Team;
Robert;H@H;FeelsGood_Team;
Gilbert;F@F;Spy_Team;
Robert;F@F;Memories_Team;
Wade;F@F;MeAndTheBoys_Team;
Ivan;H@H;SIBGUCHI_Team;
Robert;F@F;Atom_Team;
Gilbert;B@B;SKSH_Team;
Dave;B@B;SIBGUCHI_Team;
Liam;E@E;Spy_Team;
Brian;F@F;MeAndTheBoys_Team;
Gilbert;G@G;Spy_Team;
Wade;H@H;SKSH_Team;
Kate;C@C;Atom_Team;
Ivan;H@H;Memories_Team;
Dave;D@D;Memories_Team;
Wade;C@C;Blue_Team;
Dan;I@I;FeelsGood_Team;
Brian;C@C;SIBGUCHI_Team;
Brian;F@F;Snoweee_Team;
Liam;C@C;SKSH_Team;
Robert;B@B;SIBGUCHI_Team;
Kate;A@A;MeAndTheBoys_Team;
Dave;J@J;SIBGUCHI_Team;
Gilbert;D@D;FeelsGood_Team;
Dan;E@E;Memories_Team;
Dan;B@B;Blue_Team;
Kate;J@J;Memories_Team;
Liam;A@A;MeAndTheBoys_Team;
Liam;E@E;Blue_Team;
Robert;A@A;FeelsGood_Team;
Brian;J@J;Memories_Team;
Brian;D@D;SIBGUCHI_Team;
Robert;B@B;SKSH_Team;
Kate;J@J;MeAndTheBoys_Team;
Gilbert;C@C;MeAndTheBoys_Team;
Wade;E@E;MeAndTheBoys_Team;
Brian;D@D;Snoweee_Team;
Robert;E@E;Blue_Team;
Kate;E@E;Red_Team;
Gilbert;C@C;Red_Team;
Gilbert;A@A;SIBGUCHI_Team;
Brian;F@F;Atom_Team;
Riley;G@G;SKSH_Team;
Ivan;F@F;Memories_Team;
Riley;J@J;MeAndTheBoys_Team;
Brian;E@E;SIBGUCHI_Team;
Gilbert;C@C;Blue_Team;
Brian;C@C;Snoweee_Team;
Dan;B@B;Spy_Team;
Liam;E@E;Red_Team;
Wade;H@H;SIBGUCHI_Team;
Gilbert;H@H;MeAndTheBoys_Team;
Dan;D@D;Blue_Team;
Wade;B@B;SIBGUCHI_Team;
Gilbert;C@C;Blue_Team;
Ivan;H@H;Memories_Team;
Dave;F@F;MeAndTheBoys_Team;
Dave;C@C;Blue_Team;
Liam;F@F;SIBGUCHI_Team;
Brian;G@G;Red_Team;
Dave;C@C;Snoweee_Team;
Brian;C@C;Atom_Team;
Wade;G@G;Snoweee_Team;
Wade;A@A;SIBGUCHI_Team;
Wade;G@G;Red_Team;
Brian;C@C;FeelsGood_Team;
Ivan;F@F;Snoweee_Team;
Gilbert;B@B;SKSH_Team;
Riley;I@I;Blue_Team;
Wade;H@H;Memories_Team;
Liam;H@H;Atom_Team;
Dave;C@C;FeelsGood_Team;
Ivan;G@G;MeAndTheBoys_Team;
Gilbert;J@J;SIBGUCHI_Team;
Brian;H@H;SKSH_Team;
Dave;I@I;FeelsGood_Team;
Wade;G@G;Atom_Team;
Riley;C@C;SIBGUCHI_Team;
Gilbert;F@F;Red_Team;
Riley;B@B;Snoweee_Team;
Ivan;B@B;FeelsGood_Team;
Dave;E@E;Atom_Team;
Wade;A@A;MeAndTheBoys_Team;
Dave;E@E;Spy_Team;
Ivan;J@J;Atom_Team;
Wade;I@I;Memories_Team;
Brian;B@B;Snoweee_Team;
Dave;H@H;Snoweee_Team;
Riley;H@H;Spy_Team;
Liam;F@F;Blue_Team;
Dan;A@A;Snoweee_Team;
Liam;H@H;Spy_Team;
Dave;B@B;Atom_Team;
Robert;J@J;SIBGUCHI_Team;
Brian;G@G;MeAndTheBoys_Team;
Riley;J@J;Atom_Team;
Gilbert;B@B;Atom_Team;
Liam;F@F;Blue_Team;
Liam;H@H;Spy_Team;
Dan;E@E;Blue_Team;
Wade;H@H;Memories_Team;
Ivan;E@E;SIBGUCHI_Team;
Kate;B@B;FeelsGood_Team;
Dan;I@I;Atom_Team;
Liam;F@F;Atom_Team;
Wade;G@G;SIBGUCHI_Team;
Riley;I@I;Spy_Team;
Kate;I@I;MeAndTheBoys_Team;
Robert;G@G;SKSH_Team;
Liam;A@A;Spy_Team;
Dan;B@B;SIBGUCHI_Team;
Robert;A@A;SIBGUCHI_Team;
Dan;E@E;Snoweee_Team;
Gilbert;G@G;FeelsGood_Team;
Wade;D@D;FeelsGood_Team;
Ivan;B@B;Atom_Team;
Wade;E@E;Red_Team;
Robert;F@F;Spy_Team;
Dave;C@C;Snoweee_Team;
Kate;F@F;MeAndTheBoys_Team;
Dave;F@F;Spy_Team;
Liam;H@H;Blue_Team;
Liam;G@G;SKSH_Team;
Liam;J@J;Snoweee_Team;
Dan;H@H;Snoweee_Team;
Brian;B@B;Memories_Team;
Kate;C@C;Snoweee_Team;
Dan;C@C;SIBGUCHI_Team;
Kate;D@D;Spy_Team;
Ivan;A@A;Red_Team;
Dave;A@A;MeAndTheBoys_Team;
Dan;F@F;Spy_Team;
Kate;H@H;MeAndTheBoys_Team;
Gilbert;E@E;Spy_Team;
Liam;B@B;FeelsGood_Team;
Robert;I@I;SIBGUCHI_Team;
Kate;F@F;Atom_Team;
Dave;B@B;Red_Team;
Ivan;C@C;SKSH_Team;
Robert;H@H;Spy_Team;
Wade;D@D;Spy_Team;
Riley;F@F;Memories_Team;
Dave;C@C;SIBGUCHI_Team;
Dave;A@A;SIBGUCHI_Team;
Wade;G@G;Memories_Team;
Riley;F@F;FeelsGood_Team;
Riley;C@C;SKSH_Team;
Dave;D@D;Spy_Team;
Ivan;D@D;Snoweee_Team;
Gilbert;C@C;Snoweee_Team;
Riley;G@G;Spy_Team;
Brian;J@J;Snoweee_Team;
Ivan;G@G;Memories_Team;
Brian;D@D;Spy_Team;
Dan;C@C;SKSH_Team;
Gilbert;B@B;Atom_Team;
Dave;B@B;Atom_Team;
Brian;A@A;Snoweee_Team;
Riley;H@H;SIBGUCHI_Team;
Wade;D@D;Atom_Team;
Gilbert;C@C;SKSH_Team;
Robert;C@C;MeAndTheBoys_Team;
Wade;D@D;Spy_Team;
Ivan;B@B;SKSH_Team;
Brian;I@I;Memories_Team;
Robert;J@J;MeAndTheBoys_Team;
Riley;F@F;Blue_Team;
Brian;D@D;SKSH_Team;
Dan;I@I;Snoweee_Team;
Dave;C@C;SIBGUCHI_Team;
Kate;A@A;Red_Team;
Robert;B@B;MeAndTheBoys_Team;
Brian;C@C;SKSH_Team;
Wade;F@F;Memories_Team;
Liam;B@B;Snoweee_Team;
Gilbert;H@H;Memories_Team;
Dave;E@E;SIBGUCHI_Team;
Riley;H@H;Atom_Team;
Brian;B@B;Spy_Team;
Ivan;J@J;FeelsGood_Team;
Dan;F@F;MeAndTheBoys_Team;
Kate;F@F;Blue_Team;
Brian;G@G;Atom_Team;
Brian;I@I;Blue_Team;
Brian;C@C;Atom_Team;
Robert;C@C;SIBGUCHI_Team;
Ivan;C@C;Atom_Team;
Gilbert;H@H;Atom_Team;
Gilbert;I@I;SKSH_Team;
Gilbert;G@G;Snoweee_Team;
Wade;G@G;Atom_Team;
Brian;A@A;Red_Team;
Dan;D@D;Atom_Team;
Kate;C@C;Spy_Team;
Ivan;H@H;Memories_Team;
Gilbert;G@G;Red_Team;
Dan;C@C;Memories_Team;
Brian;F@F;Blue_Team;
Wade;G@G;SIBGUCHI_Team;
Ivan;E@E;Spy_Team;
Robert;G@G;FeelsGood_Team;
Robert;A@A;FeelsGood_Team;
Brian;F@F;FeelsGood_Team;
Dan;A@A;SIBGUCHI_Team;
Ivan;I@I;Red_Team;
Gilbert;D@D;Red_Team;
Riley;F@F;MeAndTheBoys_Team;
Gilbert;G@G;Blue_Team;
Dan;I@I;SKSH_Team;
Ivan;B@B;Atom_Team;
Dan;F@F;SKSH_Team;
Kate;A@A;Blue_Team;
Brian;E@E;Spy_Team;
Dan;B@B;Red_Team;
Robert;G@G;Memories_Team;
Dave;C@C;Atom_Team;
Dave;A@A;MeAndTheBoys_Team;
Dave;H@H;MeAndTheBoys_Team;
Brian;C@C;Memories_Team;
Robert;A@A;Red_Team;
Brian;H@H;MeAndTheBoys_Team;
Kate;B@B;Memories_Team;
Robert;B@B;FeelsGood_Team;
Ivan;E@E;Spy_Team;
Wade;B@B;FeelsGood_Team;
Dan;E@E;Spy_Team;
Liam;D@D;MeAndTheBoys_Team;
Kate;D@D;Red_Team;
Liam;G@G;Red_Team;
Kate;A@A;Red_Team;
Ivan;B@B;SKSH_Team;
Brian;I@I;Snoweee_Team;
Liam;A@A;SIBGUCHI_Team;
Brian;F@F;SIBGUCHI_Team;
Kate;F@F;Spy_Team;
Kate;D@D;Snoweee_Team;
Wade;F@F;SIBGUCHI_Team;
Gilbert;A@A;FeelsGood_Team;
Gilbert;E@E;Snoweee_Team;
Riley;C@C;Red_Team;
Liam;E@E;MeAndTheBoys_Team;
Dan;H@H;SKSH_Team;
Dan;I@I;SIBGUCHI_Team;
Gilbert;H@H;Spy_Team;
Brian;H@H;MeAndTheBoys_Team;
Riley;B@B;MeAndTheBoys_Team;
Robert;E@E;SIBGUCHI_Team;
Wade;E@E;Spy_Team;
Robert;F@F;FeelsGood_Team;
Robert;G@G;Snoweee_Team;
Liam;H@H;Blue_Team;
Kate;C@C;Memories_Team;
Dave;C@C;Atom_Team;
Dan;B@B;Snoweee_Team;
Dan;G@G;Blue_Team;
Ivan;D@D;Memories_Team;
Dave;A@A;Blue_Team;
Dave;F@F;SKSH_Team;
Ivan;I@I;Blue_Team;
Brian;I@I;SKSH_Team;
Dave;I@I;Spy_Team;
Dan;F@F;Blue_Team;
Liam;C@C;Memories_Team;
Robert;J@J;FeelsGood_Team;
Dan;I@I;Atom_Team;
Robert;C@C;Spy_Team;
Brian;E@E;Blue_Team;
Riley;E@E;Atom_Team;
Gilbert;J@J;Spy_Team;
Ivan;J@J;Atom_Team;
Dave;H@H;FeelsGood_Team;
Ivan;G@G;Atom_Team;
Robert;I@I;FeelsGood_Team;
Riley;A@A;Spy_Team;
Robert;B@B;Snoweee_Team;
Kate;H@H;Blue_Team;
Dan;H@H;SKSH_Team;
Liam;I@I;Snoweee_Team;
Dave;C@C;Memories_Team;
Liam;B@B;Memories_Team;
Wade;J@J;FeelsGood_Team;
Ivan;F@F;Atom_Team;
Riley;H@H;Snoweee_Team;
Kate;D@D;Spy_Team;
Dave;E@E;Snoweee_Team;
Robert;F@F;Atom_Team;
Riley;D@D;SIBGUCHI_Team;
Dave;D@D;Snoweee_Team;
Gilbert;E@E;MeAndTheBoys_Team;
Kate;I@I;Blue_Team;
Dan;I@I;SKSH_Team;
Kate;J@J;Atom_Team;
Dan;J@J;FeelsGood_Team;
Liam;C@C;SKSH_Team;
Liam;J@J;Blue_Team;
Liam;A@A;FeelsGood_Team;
Gilbert;B@B;SIBGUCHI_Team;
Dan;F@F;Blue_Team;
Robert;D@D;Spy_Team;
Robert;D@D;Red_Team;
Kate;E@E;SKSH_Team;
Gilbert;A@A;Atom_Team;
Kate;A@A;Red_Team;
Brian;E@E;Blue_Team;
Ivan;F@F;Spy_Team;
Brian;H@H;Snoweee_Team;
Liam;I@I;Memories_Team;
Robert;F@F;Blue_Team;
Dan;C@C;Blue_Team;
Gilbert;J@J;Atom_Team;
Dan;G@G;Snoweee_Team;
Riley;F@F;Spy_Team;
Dave;J@J;Red_Team;
Liam;D@D;FeelsGood_Team;
Liam;G@G;Spy_Team;
Dan;C@C;Atom_Team;
Ivan;B@B;SIBGUCHI_Team;
Kate;G@G;Blue_Team;
Liam;D@D;MeAndTheBoys_Team;
Robert;H@H;Spy_Team;
Liam;A@A;Spy_Team;
Robert;I@I;SKSH_Team;
Riley;A@A;SKSH_Team;
Kate;J@J;FeelsGood_Team;
Ivan;J@J;FeelsGood_Team;
Robert;A@A;Blue_Team;
Gilbert;I@I;MeAndTheBoys_Team;
Kate;F@F;SKSH_Team;
Dan;D@D;Memories_Team;
Brian;A@A;Red_Team;
Kate;G@G;Red_Team;
Liam;C@C;Spy_Team;
Wade;G@G;SIBGUCHI_Team;
Kate;F@F;Red_Team;
Kate;E@E;Red_Team;
Kate;B@B;Atom_Team;
Dan;B@B;Atom_Team;
Dan;G@G;Memories_Team;
Brian;B@B;Red_Team;
Wade;H@H;MeAndTheBoys_Team;
Kate;J@J;Spy_Team;
Gilbert;I@I;Blue_Team;
Liam;E@E;Red_Team;
Brian;E@E;FeelsGood_Team;
Kate;E@E;Snoweee_Team;
Ivan;A@A;SIBGUCHI_Team;
Dan;C@C;SKSH_Team;
Dan;F@F;MeAndTheBoys_Team;
Wade;F@F;Snoweee_Team;
Liam;G@G;FeelsGood_Team;
Gilbert;I@I;Blue_Team;
Brian;I@I;MeAndTheBoys_Team;
Dan;D@D;Memories_Team;
Dan;B@B;Spy_Team;
Wade;G@G;Memories_Team;
Ivan;F@F;FeelsGood_Team;
Ivan;G@G;Spy_Team;
Liam;A@A;SKSH_Team;
Wade;B@B;Spy_Team;
Gilbert;J@J;Spy_Team;
Riley;A@A;SKSH_Team;
Riley;D@D;FeelsGood_Team;
Dan;I@I;Spy_Team;
Dan;B@B;Spy_Team;
Gilbert;I@I;Red_Team;
Dan;F@F;Atom_Team;
Wade;J@J;Red_Team;
Dan;J@J;FeelsGood_Team;
Brian;E@E;Memories_Team;
Ivan;H@H;Snoweee_Team;
Ivan;E@E;SKSH_Team;
Brian;C@C;Spy_Team;
Dan;E@E;Red_Team;
Liam;J@J;Blue_Team;
Kate;G@G;Atom_Team;
Dave;H@H;Red_Team;
Riley;H@H;SKSH_Team;
Riley;H@H;FeelsGood_Team;
Brian;J@J;Blue_Team;
Robert;A@A;Snoweee_Team;
Brian;D@D;MeAndTheBoys_Team;
Robert;C@C;Red_Team;
Dave;G@G;FeelsGood_Team;
Dave;B@B;Atom_Team;
Dave;C@C;Memories_Team;
Robert;H@H;MeAndTheBoys_Team;
Ivan;G@G;Red_Team;
Kate;H@H;Red_Team;
Gilbert;H@H;MeAndTheBoys_Team;
Robert;C@C;Spy_Team;
Wade;G@G;SKSH_Team;
Wade;A@A;Atom_Team;
Robert;E@E;MeAndTheBoys_Team;
Riley;F@F;Blue_Team;
Liam;A@A;Memories_Team;
Liam;I@I;Red_Team;
Kate;E@E;Spy_Team;
Brian;I@I;SIBGUCHI_Team;
Wade;B@B;FeelsGood_Team;
Wade;I@I;Spy_Team;
Ivan;B@B;Blue_Team;
Wade;E@E;Atom_Team;
Riley;D@D;SIBGUCHI_Team;
Riley;H@H;Atom_Team;
Riley;B@B;Red_Team;
Kate;J@J;Memories_Team;
Liam;C@C;FeelsGood_Team;
Dave;E@E;Atom_Team;
Wade;B@B;SKSH_Team;
Riley;E@E;FeelsGood_Team;
Gilbert;J@J;FeelsGood_Team;
Riley;I@I;FeelsGood_Team;
Liam;F@F;Memories_Team;
Robert;G@G;Snoweee_Team;
Wade;F@F;Blue_Team;
Liam;D@D;Blue_Team;
Riley;I@I;MeAndTheBoys_Team;
Ivan;E@E;Blue_Team;
Ivan;E@E;Spy_Team;
Dan;H@H;MeAndTheBoys_Team;
Riley;I@I;Snoweee_Team;
Wade;B@B;MeAndTheBoys_Team;
Gilbert;J@J;MeAndTheBoys_Team;
Dave;I@I;Blue_Team;
Dave;H@H;Spy_Team;
Kate;C@C;Blue_Team;
Ivan;E@E;MeAndTheBoys_Team;
Dave;A@A;Snoweee_Team;
Brian;G@G;Snoweee_Team;
Dave;A@A;SKSH_Team;
Brian;B@B;Atom_Team;
Liam;F@F;SIBGUCHI_Team;
Gilbert;J@J;Memories_Team;
Wade;B@B;Red_Team;
Robert;I@I;FeelsGood_Team;
Dave;J@J;Red_Team;
Kate;E@E;Atom_Team;
Dave;C@C;Memories_Team;
Liam;A@A;Spy_Team;
Ivan;F@F;FeelsGood_Team;
Wade;I@I;MeAndTheBoys_Team;
Riley;B@B;MeAndTheBoys_Team;
Brian;C@C;Snoweee_Team;
Dan;B@B;Atom_Team;
Robert;D@D;Memories_Team;
Dave;I@I;MeAndTheBoys_Team;
Liam;I@I;Atom_Team;
Ivan;G@G;Blue_Team;
Ivan;H@H;Atom_Team;
Liam;F@F;Memories_Team;
Kate;J@J;Red_Team;
Riley;F@F;Red_Team;
Liam;G@G;Atom_Team;
Robert;E@E;MeAndTheBoys_Team;
Gilbert;B@B;Spy_Team;
Robert;F@F;Blue_Team;
Liam;C@C;SKSH_Team;
Kate;C@C;MeAndTheBoys_Team;
Kate;J@J;Red_Team;
Wade;E@E;Blue_Team;
Dave;C@C;Atom_Team;
Wade;G@G;SKSH_Team;
Liam;H@H;SKSH_Team;
Kate;G@G;Memories_Team;
Liam;G@G;Memories_Team;
Gilbert;B@B;Snoweee_Team;
Brian;C@C;Memories_Team;
Liam;H@H;MeAndTheBoys_Team;
Riley;D@D;Memories_Team;
Riley;A@A;FeelsGood_Team;
Dan;J@J;Snoweee_Team;
Kate;A@A;MeAndTheBoys_Team;
Wade;D@D;SKSH_Team;
Brian;J@J;Snoweee_Team;
Wade;H@H;Spy_Team;
Kate;H@H;Red_Team;
Wade;I@I;Red_Team;
Ivan;F@F;Snoweee_Team;
Brian;F@F;Red_Team;
Dan;G@G;Red_Team;
Dan;E@E;FeelsGood_Team;
Riley;E@E;Spy_Team;
Brian;F@F;Spy_Team;
Brian;E@E;MeAndTheBoys_Team;
Dan;D@D;Spy_Team;
Wade;D@D;Atom_Team;
Gilbert;I@I;Spy_Team;
Robert;B@B;MeAndTheBoys_Team;
Brian;F@F;Atom_Team;
Brian;E@E;Memories_Team;
Riley;F@F;Red_Team;
Dan;J@J;Blue_Team;
Gilbert;D@D;MeAndTheBoys_Team;
Riley;E@E;Red_Team;
Kate;F@F;Blue_Team;
Riley;D@D;Atom_Team;
Liam;I@I;SKSH_Team;
Riley;A@A;MeAndTheBoys_Team;
Liam;H@H;Red_Team;
Robert;H@H;Memories_Team;
Kate;B@B;Atom_Team;
Gilbert;B@B;Memories_Team;
Dan;H@H;SIBGUCHI_Team;
Liam;D@D;Snoweee_Team;
Dave;H@H;FeelsGood_Team;
Dave;F@F;Spy_Team;
Brian;I@I;Memories_Team;
Riley;G@G;Red_Team;
Liam;E@E;FeelsGood_Team;
Gilbert;H@H;Red_Team;
Dave;G@G;FeelsGood_Team;
Wade;D@D;SKSH_Team;
Dave;I@I;Atom_Team;
Robert;D@D;Blue_Team;
Ivan;A@A;Blue_Team;
Dan;F@F;SKSH_Team;
Wade;E@E;Snoweee_Team;
Liam;I@I;FeelsGood_Team;
Ivan;E@E;Memories_Team;
Liam;J@J;Atom_Team;
Liam;F@F;Blue_Team;
Riley;G@G;Red_Team;
Wade;C@C;Atom_Team;
Wade;A@A;Memories_Team;
Dan;B@B;Red_Team;
Riley;E@E;MeAndTheBoys_Team;
Riley;D@D;Red_Team;
Robert;I@I;Memories_Team;
Liam;F@F;Blue_Team;
Brian;G@G;Atom_Team;
Ivan;B@B;Memories_Team;
Wade;C@C;Memories_Team;
Ivan;C@C;MeAndTheBoys_Team;
Kate;B@B;Memories_Team;
Brian;I@I;Atom_Team;
Liam;F@F;Red_Team;
Dan;E@E;SIBGUCHI_Team;
Wade;F@F;Memories_Team;
Wade;G@G;Spy_Team;
Liam;D@D;SKSH_Team;
Wade;H@H;Memories_Team;
Robert;C@C;FeelsGood_Team;
Ivan;J@J;Memories_Team;
Brian;J@J;Blue_Team;
Robert;F@F;Memories_Team;
Robert;J@J;MeAndTheBoys_Team;
Dave;H@H;FeelsGood_Team;
Brian;G@G;Red_Team;
Gilbert;G@G;SIBGUCHI_Team;
Robert;A@A;Snoweee_Team;
Kate;A@A;Memories_Team;
Ivan;H@H;Memories_Team;
Riley;I@I;SIBGUCHI_Team;
Gilbert;A@A;Snoweee_Team;
Kate;E@E;Memories_Team;
Wade;D@D;MeAndTheBoys_Team;
Wade;A@A;SIBGUCHI_Team;
Liam;G@G;Blue_Team;
Brian;D@D;Spy_Team;
Dave;D@D;FeelsGood_Team;
Ivan;E@E;SIBGUCHI_Team;
Gilbert;E@E;Red_Team;
Robert;D@D;MeAndTheBoys_Team;
Dave;H@H;SIBGUCHI_Team;
Brian;E@E;SIBGUCHI_Team;
Wade;F@F;SIBGUCHI_Team;
Dan;F@F;Atom_Team;
Robert;A@A;FeelsGood_Team;
Dan;D@D;FeelsGood_Team;
Dan;G@G;Atom_Team;
Robert;H@H;MeAndTheBoys_Team;
Wade;C@C;Atom_Team;
Wade;F@F;Memories_Team;
Kate;I@I;SIBGUCHI_Team;
Brian;J@J;SKSH_Team;
Wade;I@I;SIBGUCHI_Team;
Dave;G@G;SKSH_Team;
Riley;B@B;Snoweee_Team;
Wade;A@A;Snoweee_Team;
Kate;J@J;Red_Team;
Robert;C@C;Spy_Team;
Brian;B@B;Blue_Team;
Liam;A@A;Atom_Team;
Gilbert;J@J;FeelsGood_Team;
Riley;B@B;Red_Team;
Wade;A@A;SIBGUCHI_Team;
Dan;A@A;SIBGUCHI_Team;
Gilbert;B@B;MeAndTheBoys_Team;
Liam;J@J;Atom_Team;
Wade;I@I;Spy_Team;
Kate;E@E;Spy_Team;
Robert;D@D;SIBGUCHI_Team;
Brian;I@I;Atom_Team;
Brian;I@I;Red_Team;
Liam;D@D;Snoweee_Team;
Ivan;G@G;Blue_Team;
Gilbert;E@E;MeAndTheBoys_Team;
Wade;H@H;Blue_Team;
Wade;G@G;Blue_Team;
Ivan;E@E;MeAndTheBoys_Team;
Liam;H@H;Snoweee_Team;
Gilbert;B@B;Spy_Team;
Dave;A@A;SIBGUCHI_Team;
Brian;J@J;FeelsGood_Team;
Wade;I@I;Snoweee_Team;
Dave;I@I;SKSH_Team;
Dave;G@G;MeAndTheBoys_Team;
Wade;B@B;Snoweee_Team;
Dave;I@I;Atom_Team;
Liam;F@F;Snoweee_Team;
Robert;D@D;SIBGUCHI_Team;
Riley;J@J;Atom_Team;
Brian;J@J;Red_Team;
Brian;J@J;Blue_Team;
Brian;G@G;SKSH_Team;
Gilbert;G@G;SIBGUCHI_Team;
Gilbert;J@J;Atom_Team;
Brian;G@G;SKSH_Team;
Kate;J@J;Red_Team;
Kate;E@E;Spy_Team;
Kate;F@F;Memories_Team;
Riley;H@H;SIBGUCHI_Team;
Liam;A@A;Atom_Team;
Kate;G@G;Snoweee_Team;
Wade;H@H;Snoweee_Team;
Brian;G@G;Red_Team;
Ivan;J@J;MeAndTheBoys_Team;
Dave;C@C;Memories_Team;
Kate;H@H;Snoweee_Team;
Gilbert;H@H;Blue_Team;
Gilbert;H@H;Atom_Team;
Wade;E@E;Snoweee_Team;
Dave;I@I;Snoweee_Team;
Brian;C@C;FeelsGood_Team;
Dave;E@E;Memories_Team;
Dave;I@I;Atom_Team;
Gilbert;B@B;Red_Team;
Kate;C@C;Blue_Team;
Gilbert;I@I;Memories_Team;
Liam;G@G;MeAndTheBoys_Team;
Dave;I@I;SIBGUCHI_Team;
Gilbert;B@B;MeAndTheBoys_Team;
Gilbert;C@C;Red_Team;
Robert;C@C;Blue_Team;
Gilbert;H@H;Memories_Team;
Robert;C@C;Snoweee_Team;
Dan;I@I;Memories_Team;
Wade;H@H;FeelsGood_Team;
Brian;B@B;Atom_Team;
Liam;H@H;Spy_Team;
Dave;G@G;SIBGUCHI_Team;
Brian;B@B;SIBGUCHI_Team;
Liam;C@C;Memories_Team;
Wade;H@H;Spy_Team;
Gilbert;D@D;SIBGUCHI_Team;
Riley;I@I;Red_Team;
Kate;H@H;SKSH_Team;
Riley;C@C;FeelsGood_Team;
Ivan;J@J;Spy_Team;
Ivan;G@G;Blue_Team;
Dave;F@F;MeAndTheBoys_Team;
Wade;G@G;Atom_Team;
Robert;G@G;Red_Team;
Liam;C@C;Memories_Team;
Riley;A@A;MeAndTheBoys_Team;
Kate;C@C;Red_Team;
Ivan;A@A;Spy_Team;
Wade;D@D;Red_Team;
Dave;C@C;SIBGUCHI_Team;
Ivan;I@I;Blue_Team;
Brian;F@F;Blue_Team;
Robert;H@H;SKSH_Team;
Dave;A@A;Snoweee_Team;
Riley;B@B;Atom_Team;
Dan;D@D;Spy_Team;
Wade;E@E;MeAndTheBoys_Team;
Ivan;A@A;Spy_Team;
Kate;J@J;Snoweee_Team;
Brian;E@E;Blue_Team;
Riley;I@I;Red_Team;
Wade;H@H;Memories_Team;
Ivan;D@D;Snoweee_Team;
Ivan;A@A;Snoweee_Team;
Liam;C@C;SIBGUCHI_Team;
Dan;A@A;Spy_Team;
Robert;I@I;MeAndTheBoys_Team;
Dan;I@I;FeelsGood_Team;
Gilbert;H@H;MeAndTheBoys_Team;
Wade;F@F;FeelsGood_Team;
Robert;C@C;Memories_Team;
Wade;B@B;FeelsGood_Team;
Brian;H@H;Blue_Team;
Dan;G@G;SIBGUCHI_Team;
Kate;I@I;SIBGUCHI_Team;
Dan;E@E;Spy_Team;
Riley;E@E;Memories_Team;
Dave;A@A;Spy_Team;
Wade;I@I;MeAndTheBoys_Team;
Liam;I@I;MeAndTheBoys_Team;
Gilbert;J@J;Atom_Team;
Wade;H@H;Spy_Team;
Robert;D@D;Atom_Team;
Dan;J@J;Red_Team;
Ivan;H@H;SIBGUCHI_Team;
Brian;F@F;MeAndTheBoys_Team;
Robert;A@A;Snoweee_Team;
Dan;C@C;Spy_Team;
Dave;J@J;Blue_Team;
Robert;I@I;Blue_Team;
Gilbert;E@E;SKSH_Team;
Kate;C@C;SIBGUCHI_Team;
Brian;J@J;Memories_Team;
Dan;D@D;Blue_Team;
Dan;A@A;Atom_Team;
Dave;D@D;Red_Team;
Dave;H@H;Spy_Team;
Robert;J@J;MeAndTheBoys_Team;
Wade;J@J;Atom_Team;
Dan;F@F;SIBGUCHI_Team;
Robert;E@E;Spy_Team;
Ivan;H@H;SIBGUCHI_Team;
Dave;B@B;Blue_Team;
Liam;I@I;Spy_Team;
Gilbert;E@E;Spy_Team;
Brian;C@C;Blue_Team;
Gilbert;H@H;Spy_Team;
Dave;B@B;Spy_Team;
Dan;D@D;SIBGUCHI_Team;
Liam;E@E;MeAndTheBoys_Team;
Riley;D@D;Memories_Team;
Robert;E@E;Blue_Team;
Dan;I@I;Snoweee_Team;
Kate;A@A;Spy_Team;
Wade;A@A;Snoweee_Team;
Robert;B@B;SKSH_Team;
Robert;G@G;Memories_Team;
Dave;G@G;SKSH_Team;
Brian;B@B;Atom_Team;
Dan;E@E;SKSH_Team;
Liam;A@A;Red_Team;
Liam;A@A;MeAndTheBoys_Team;
Kate;J@J;SKSH_Team;
Ivan;B@B;SIBGUCHI_Team;
Gilbert;C@C;Snoweee_Team;
Gilbert;D@D;Blue_Team;
Kate;E@E;Blue_Team;
Ivan;C@C;Memories_Team;
Dan;E@E;MeAndTheBoys_Team;
Liam;C@C;Red_Team;
Kate;G@G;Red_Team;
Brian;I@I;MeAndTheBoys_Team;
Wade;F@F;Snoweee_Team;
Kate;F@F;Blue_Team;
Riley;D@D;Blue_Team;
Kate;A@A;Red_Team;
Liam;F@F;SIBGUCHI_Team;
Ivan;E@E;SKSH_Team;
Brian;B@B;Atom_Team;
Kate;D@D;Atom_Team;
Ivan;G@G;Memories_Team;
Ivan;E@E;Memories_Team;
Kate;H@H;Snoweee_Team;
Kate;C@C;Snoweee_Team;
Wade;D@D;Red_Team;
Riley;G@G;MeAndTheBoys_Team;
Dave;F@F;Spy_Team;
Gilbert;J@J;MeAndTheBoys_Team;
Brian;C@C;Spy_Team;
Ivan;G@G;Spy_Team;
Brian;C@C;SKSH_Team;
Gilbert;E@E;Memories_Team;
Dave;B@B;FeelsGood_Team;
Riley;F@F;Blue_Team;
Riley;F@F;Atom_Team;
Dave;A@A;SKSH_Team;
Kate;A@A;Atom_Team;
Riley;D@D;SKSH_Team;
Liam;G@G;MeAndTheBoys_Team;
Kate;C@C;SKSH_Team;
Kate;B@B;SKSH_Team;
Kate;E@E;Spy_Team;
Brian;J@J;Blue_Team;
Dave;D@D;SIBGUCHI_Team;
Riley;C@C;Atom_Team;
Wade;B@B;Red_Team;
Dave;E@E;Snoweee_Team;
Kate;H@H;FeelsGood_Team;
Brian;J@J;SIBGUCHI_Team;
Ivan;H@H;MeAndTheBoys_Team;
Brian;I@I;Red_Team;
Wade;C@C;Blue_Team;
Dan;F@F;Spy_Team;
Liam;D@D;Red_Team;
Wade;C@C;Blue_Team;
Robert;C@C;Atom_Team;
Ivan;A@A;Snoweee_Team;
Kate;B@B;FeelsGood_Team;
Gilbert;J@J;SKSH_Team;
Dan;I@I;SIBGUCHI_Team;
Kate;D@D;Red_Team;
Dan;I@I;Blue_Team;
Brian;J@J;Memories_Team;
Wade;B@B;Atom_Team;
Dave;A@A;MeAndTheBoys_Team;
Robert;D@D;Spy_Team;
Dave;A@A;MeAndTheBoys_Team;
Riley;G@G;Atom_Team;
Wade;G@G;FeelsGood_Team;
Dave;D@D;Blue_Team;
Liam;A@A;Red_Team;
Robert;B@B;MeAndTheBoys_Team;
Ivan;B@B;FeelsGood_Team;
Wade;D@D;FeelsGood_Team;
Riley;G@G;Memories_Team;
Liam;G@G;Snoweee_Team;
Riley;E@E;Snoweee_Team;
Brian;A@A;MeAndTheBoys_Team;
Wade;F@F;Snoweee_Team;
Ivan;C@C;Memories_Team;
Dan;J@J;Red_Team;
Riley;F@F;Blue_Team;
Robert;F@F;Memories_Team;
Riley;I@I;SKSH_Team;
Liam;D@D;Red_Team;
Brian;H@H;SIBGUCHI_Team;
Wade;E@E;FeelsGood_Team;
Kate;E@E;Spy_Team;
Gilbert;G@G;Blue_Team;
Robert;H@H;Snoweee_Team;
Gilbert;D@D;Blue_Team;
Wade;I@I;Blue_Team;
Wade;A@A;MeAndTheBoys_Team;
Gilbert;F@F;SIBGUCHI_Team;
Dan;F@F;Spy_Team;
Brian;J@J;FeelsGood_Team;
Wade;G@G;FeelsGood_Team;
Dave;C@C;Atom_Team;
Gilbert;G@G;Spy_Team;
Robert;J@J;FeelsGood_Team;
Gilbert;A@A;Snoweee_Team;
Dan;E@E;Spy_Team;
Gilbert;E@E;FeelsGood_Team;
Gilbert;C@C;SIBGUCHI_Team;
Liam;C@C;Red_Team;
Dave;F@F;SIBGUCHI_Team;
Liam;F@F;SKSH_Team;
Dave;E@E;SIBGUCHI_Team;
Riley;B@B;FeelsGood_Team;
Dan;G@G;MeAndTheBoys_Team;
Kate;E@E;Snoweee_Team;
Ivan;J@J;MeAndTheBoys_Team;
Riley;J@J;Snoweee_Team;
Brian;C@C;SIBGUCHI_Team;
Dan;I@I;Red_Team;
Gilbert;A@A;FeelsGood_Team;
Liam;F@F;Memories_Team;
Wade;A@A;Atom_Team;
Dan;B@B;SKSH_Team;
Riley;D@D;Red_Team;
Gilbert;G@G;Red_Team;
Dave;B@B;SKSH_Team;
Brian;H@H;Red_Team;
Wade;B@B;MeAndTheBoys_Team;
Kate;H@H;FeelsGood_Team;
Wade;H@H;MeAndTheBoys_Team;
Robert;C@C;SIBGUCHI_Team;
Kate;B@B;Spy_Team;
Gilbert;F@F;Red_Team;
Robert;D@D;SKSH_Team;
Riley;B@B;MeAndTheBoys_Team;
Robert;E@E;Atom_Team;
Riley;G@G;FeelsGood_Team;
Dave;I@I;Atom_Team;
Kate;B@B;MeAndTheBoys_Team;
Brian;I@I;Blue_Team;
Liam;A@A;MeAndTheBoys_Team;
Liam;D@D;Memories_Team;
Dave;J@J;SIBGUCHI_Team;
Dan;F@F;FeelsGood_Team;
Wade;F@F;Atom_Team;
Ivan;F@F;Atom_Team;
Brian;J@J;Blue_Team;
Wade;E@E;SIBGUCHI_Team;
Riley;I@I;Snoweee_Team;
Brian;F@F;MeAndTheBoys_Team;
Ivan;D@D;Memories_Team;
Brian;C@C;Memories_Team;
Dan;F@F;Snoweee_Team;
Ivan;I@I;SIBGUCHI_Team;
Kate;J@J;Spy_Team;
Wade;H@H;Snoweee_Team;
Riley;J@J;Spy_Team;
Dan;J@J;Spy_Team;
Ivan;D@D;Memories_Team;
Brian;F@F;Spy_Team;
Dave;G@G;SIBGUCHI_Team;
Gilbert;A@A;Memories_Team;
Liam;G@G;Snoweee_Team;
Wade;B@B;Snoweee_Team;
Robert;B@B;SKSH_Team;
Liam;C@C;Snoweee_Team;
Robert;F@F;Snoweee_Team;
Gilbert;C@C;Red_Team;
Riley;H@H;SKSH_Team;
Dan;H@H;FeelsGood_Team;
Liam;J@J;MeAndTheBoys_Team;
Wade;F@F;FeelsGood_Team;
Dave;I@I;FeelsGood_Team;
Riley;H@H;Atom_Team;
Riley;E@E;MeAndTheBoys_Team;
Robert;H@H;Blue_Team;
Riley;G@G;Blue_Team;
Gilbert;I@I;SIBGUCHI_Team;
Wade;A@A;Blue_Team;
Riley;F@F;MeAndTheBoys_Team;
Wade;H@H;Blue_Team;
Liam;E@E;Red_Team;
Robert;J@J;Snoweee_Team;
Ivan;C@C;Memories_Team;
Dan;C@C;SKSH_Team;
Dave;J@J;Memories_Team;
Gilbert;F@F;Blue_Team;
Wade;A@A;Atom_Team;
Brian;H@H;FeelsGood_Team;
Ivan;D@D;Snoweee_Team;
Ivan;F@F;Memories_Team;
Riley;I@I;Blue_Team;
Dave;C@C;MeAndTheBoys_Team;
Robert;B@B;MeAndTheBoys_Team;
Liam;H@H;Atom_Team;
Riley;I@I;Red_Team;
Brian;A@A;SKSH_Team;
Brian;B@B;MeAndTheBoys_Team;
Dave;E@E;Memories_Team;
Wade;F@F;Memories_Team;
Robert;D@D;Snoweee_Team;
Kate;C@C;MeAndTheBoys_Team;
Dan;C@C;Red_Team;
Dave;D@D;SKSH_Team;
Dave;E@E;Red_Team;
Wade;F@F;Red_Team;
Brian;C@C;Atom_Team;
Liam;H@H;Snoweee_Team;
Robert;I@I;Red_Team;
Robert;H@H;Spy_Team;
Wade;H@H;Spy_Team;
Wade;B@B;FeelsGood_Team;
Riley;J@J;Memories_Team;
Brian;H@H;MeAndTheBoys_Team;
Dave;G@G;Snoweee_Team;
Ivan;D@D;Red_Team;
Wade;F@F;Memories_Team;
Liam;G@G;SIBGUCHI_Team;
Dave;B@B;SIBGUCHI_Team;
Wade;J@J;Red_Team;
Kate;C@C;Snoweee_Team;
Gilbert;F@F;FeelsGood_Team;
Kate;H@H;Blue_Team;
Dan;H@H;Snoweee_Team;
Gilbert;C@C;SKSH_Team;
Dave;A@A;SKSH_Team;
Wade;E@E;SIBGUCHI_Team;
Kate;A@A;Atom_Team;
Ivan;C@C;SIBGUCHI_Team;
Dan;C@C;FeelsGood_Team;
Gilbert;J@J;MeAndTheBoys_Team;
Ivan;G@G;Red_Team;
Dan;A@A;Red_Team;
Dan;B@B;Atom_Team;
Liam;C@C;Blue_Team;
Wade;F@F;Atom_Team;
Brian;F@F;Blue_Team;
Robert;H@H;Blue_Team;
Liam;F@F;SIBGUCHI_Team;
Gilbert;D@D;Blue_Team;
Robert;I@I;SIBGUCHI_Team;
Kate;A@A;Blue_Team;
Robert;B@B;Memories_Team;
Robert;G@G;MeAndTheBoys_Team;
Gilbert;I@I;Spy_Team;
Gilbert;F@F;FeelsGood_Team;
Ivan;C@C;SKSH_Team;
Wade;D@D;SKSH_Team;
Gilbert;B@B;Red_Team;
Dan;J@J;MeAndTheBoys_Team;
Riley;B@B;Blue_Team;
Robert;E@E;Spy_Team;
Dan;C@C;Red_Team;
Gilbert;J@J;Atom_Team;
Kate;C@C;Spy_Team;
Dave;G@G;SIBGUCHI_Team;
Ivan;I@I;Memories_Team;
Ivan;D@D;FeelsGood_Team;
Brian;F@F;MeAndTheBoys_Team;
Riley;F@F;SKSH_Team;
Gilbert;F@F;Atom_Team;
Riley;H@H;Blue_Team;
Wade;H@H;Atom_Team;
Robert;G@G;Spy_Team;
Riley;J@J;MeAndTheBoys_Team;
Liam;G@G;Spy_Team;
Gilbert;D@D;Snoweee_Team;
Robert;B@B;Atom_Team;
Riley;A@A;SIBGUCHI_Team;
Brian;E@E;Memories_Team;
Robert;A@A;SKSH_Team;
Riley;B@B;MeAndTheBoys_Team;
Wade;C@C;FeelsGood_Team;
Kate;J@J;FeelsGood_Team;
Liam;E@E;MeAndTheBoys_Team;
Dave;E@E;SKSH_Team;
Gilbert;F@F;Spy_Team;
Robert;E@E;SIBGUCHI_Team;
Wade;H@H;Atom_Team;
Dan;E@E;FeelsGood_Team;
Dan;G@G;Atom_Team;
Brian;I@I;Atom_Team;
Wade;I@I;Spy_Team;
Brian;H@H;Snoweee_Team;
Gilbert;J@J;MeAndTheBoys_Team;
Brian;C@C;MeAndTheBoys_Team;
Gilbert;G@G;Spy_Team;
Gilbert;B@B;FeelsGood_Team;
Brian;C@C;Atom_Team;
Gilbert;E@E;Atom_Team;
Kate;G@G;Memories_Team;
Kate;F@F;SKSH_Team;
Dave;E@E;MeAndTheBoys_Team;
Robert;F@F;MeAndTheBoys_Team;
Riley;H@H;Blue_Team;
Ivan;D@D;Red_Team;
Wade;E@E;Memories_Team;
Wade;H@H;Snoweee_Team;
Dave;D@D;Snoweee_Team;
Dan;J@J;SKSH_Team;
Wade;G@G;Atom_Team;
Liam;I@I;Memories_Team;
Brian;H@H;Atom_Team;
Dave;B@B;Snoweee_Team;
Brian;E@E;Memories_Team;
Dan;A@A;Red_Team;
Gilbert;A@A;Atom_Team;
Gilbert;D@D;SIBGUCHI_Team;
Robert;H@H;SKSH_Team;
Riley;A@A;Memories_Team;
Dave;H@H;Snoweee_Team;
Riley;H@H;SIBGUCHI_Team;
Kate;I@I;Blue_Team;
Riley;H@H;SKSH_Team;
Dave;I@I;SKSH_Team;
Gilbert;I@I;SIBGUCHI_Team;
Ivan;J@J;SIBGUCHI_Team;
Brian;E@E;FeelsGood_Team;
Brian;J@J;Red_Team;
Riley;I@I;SIBGUCHI_Team;
Kate;I@I;Memories_Team;
Liam;B@B;Memories_Team;
Dave;E@E;Blue_Team;
Riley;A@A;MeAndTheBoys_Team;
Ivan;F@F;Memories_Team;
Brian;I@I;SIBGUCHI_Team;
Ivan;D@D;Spy_Team;
Dave;F@F;Memories_Team;
Riley;C@C;FeelsGood_Team;
Gilbert;H@H;Blue_Team;
Kate;B@B;MeAndTheBoys_Team;
Gilbert;A@A;Atom_Team;
Ivan;J@J;SIBGUCHI_Team;
Dave;F@F;Blue_Team;
Liam;E@E;SKSH_Team;
Ivan;J@J;Blue_Team;
Riley;J@J;Spy_Team;
Gilbert;B@B;Red_Team;
Wade;I@I;SIBGUCHI_Team;
Ivan;B@B;SIBGUCHI_Team;
Robert;D@D;Atom_Team;
Liam;J@J;MeAndTheBoys_Team;
Dave;B@B;Snoweee_Team;
Robert;F@F;Memories_Team;
Gilbert;D@D;Snoweee_Team;
Dave;J@J;Spy_Team;
Liam;B@B;Blue_Team;
Wade;C@C;MeAndTheBoys_Team;
Dan;H@H;Blue_Team;
Ivan;J@J;FeelsGood_Team;
Liam;H@H;Red_Team;
Robert;C@C;SIBGUCHI_Team;
Riley;B@B;Snoweee_Team;
Wade;D@D;Red_Team;
Ivan;C@C;Memories_Team;
Robert;H@H;Atom_Team;
Ivan;E@E;FeelsGood_Team;
Robert;A@A;Memories_Team;
Liam;E@E;Blue_Team;
Dan;J@J;FeelsGood_Team;
Dan;I@I;Atom_Team;
Gilbert;G@G;SKSH_Team;
Ivan;C@C;SIBGUCHI_Team;
Wade;E@E;FeelsGood_Team;
Robert;H@H;Snoweee_Team;
Dave;J@J;FeelsGood_Team;
Dave;I@I;SKSH_Team;
Robert;E@E;Spy_Team;
Robert;D@D;Memories_Team;
Ivan;J@J;Memories_Team;
Brian;E@E;Atom_Team;
Dave;F@F;Blue_Team;
Riley;G@G;Blue_Team;
Wade;D@D;SIBGUCHI_Team;
Robert;B@B;Memories_Team;
Kate;I@I;SKSH_Team;
Riley;J@J;Memories_Team;
Ivan;G@G;Atom_Team;
Dan;F@F;Atom_Team;
Liam;J@J;SIBGUCHI_Team;
Dan;F@F;Atom_Team;
Ivan;E@E;SKSH_Team;
Gilbert;E@E;Red_Team;
Brian;F@F;MeAndTheBoys_Team;
Robert;E@E;Red_Team;
Wade;I@I;Blue_Team;
Ivan;E@E;SIBGUCHI_Team;
Gilbert;G@G;Snoweee_Team;
Wade;C@C;Red_Team;
Dan;E@E;Blue_Team;
Kate;I@I;Spy_Team;
Dan;H@H;Memories_Team;
Dave;B@B;Atom_Team;
Riley;G@G;FeelsGood_Team;
Dave;D@D;MeAndTheBoys_Team;
Dave;B@B;FeelsGood_Team;
Liam;A@A;FeelsGood_Team;
Wade;C@C;Memories_Team;
Gilbert;D@D;SIBGUCHI_Team;
Brian;C@C;Blue_Team;
Gilbert;A@A;Spy_Team;
Robert;J@J;Snoweee_Team;
Ivan;G@G;MeAndTheBoys_Team;
Wade;D@D;SIBGUCHI_Team;
Ivan;I@I;Spy_Team;
Riley;H@H;Atom_Team;
Robert;H@H;Red_Team;
Kate;B@B;Red_Team;
Brian;I@I;Memories_Team;
Dan;A@A;Blue_Team;
Riley;C@C;FeelsGood_Team;
Liam;B@B;Red_Team;
Gilbert;D@D;Spy_Team;
Dave;B@B;Atom_Team;
Dave;D@D;Snoweee_Team;
Wade;D@D;Blue_Team;
Dave;D@D;Blue_Team;
Robert;C@C;MeAndTheBoys_Team;
Dan;C@C;FeelsGood_Team;
Liam;D@D;Spy_Team;
Robert;J@J;Red_Team;
Robert;E@E;Spy_Team;
Brian;C@C;Blue_Team;
Riley;D@D;SIBGUCHI_Team;
Kate;F@F;Memories_Team;
Kate;J@J;SKSH_Team;
Dan;E@E;Red_Team;
Brian;F@F;Spy_Team;
Robert;G@G;FeelsGood_Team;
Robert;D@D;Red_Team;
Robert;H@H;FeelsGood_Team;
Brian;H@H;Red_Team;
Wade;G@G;Red_Team;
Dan;I@I;Atom_Team;
Liam;A@A;FeelsGood_Team;
Riley;D@D;FeelsGood_Team;
Gilbert;G@G;Snoweee_Team;
Brian;J@J;Red_Team;
Dan;I@I;Memories_Team;
Dan;B@B;Snoweee_Team;
Dave;D@D;SKSH_Team;
Dave;A@A;SIBGUCHI_Team;
Robert;J@J;Atom_Team;
Robert;C@C;SIBGUCHI_Team;
Wade;E@E;SIBGUCHI_Team;
Dave;G@G;FeelsGood_Team;
Gilbert;A@A;Red_Team;
Gilbert;I@I;Spy_Team;
Robert;A@A;SIBGUCHI_Team;
Ivan;G@G;Blue_Team;
Wade;A@A;MeAndTheBoys_Team;
Brian;I@I;SKSH_Team;
Dan;F@F;SKSH_Team;
Robert;C@C;Snoweee_Team;
Ivan;I@I;Blue_Team;
Ivan;I@I;Spy_Team;
Ivan;C@C;SIBGUCHI_Team;
Riley;D@D;SIBGUCHI_Team;
Gilbert;G@G;MeAndTheBoys_Team;
Dan;I@I;Memories_Team;
Riley;C@C;Blue_Team;
Ivan;A@A;Red_Team;
Liam;G@G;Atom_Team;
Robert;C@C;Atom_Team;
Ivan;J@J;Red_Team;
Robert;E@E;SKSH_Team;
Brian;I@I;SIBGUCHI_Team;
Robert;C@C;Blue_Team;
Dan;H@H;MeAndTheBoys_Team;
Dave;F@F;Atom_Team;
Brian;G@G;Atom_Team;
Brian;G@G;SKSH_Team;
Dan;C@C;Atom_Team;
Robert;G@G;Blue_Team;
Dan;J@J;MeAndTheBoys_Team;
Dave;C@C;Snoweee_Team;
Dave;A@A;Blue_Team;
Robert;H@H;MeAndTheBoys_Team;
Gilbert;H@H;SKSH_Team;
Ivan;C@C;Blue_Team;
Liam;A@A;Blue_Team;
Dan;E@E;Memories_Team;
Dan;H@H;SIBGUCHI_Team;
Brian;G@G;SIBGUCHI_Team;
Brian;B@B;Spy_Team;
Wade;G@G;Memories_Team;
Riley;A@A;MeAndTheBoys_Team;
Kate;A@A;SIBGUCHI_Team;
Dave;G@G;SIBGUCHI_Team;
Ivan;J@J;SKSH_Team;
